index,signal
1,0.362739
2,0.382347
3,0.323523
4,0.323523
5,0.421562
6,0.382347
7,0.421562
8,0.441170
9,0.421562
10,0.441170
11,0.421562
12,0.401954
13,0.441170
14,0.480386
15,0.499993
16,0.499993
17,0.519601
18,0.578425
19,0.558817
20,0.499993
21,0.480386
22,0.460778
23,0.480386
24,0.499993
25,0.441170
26,0.460778
27,0.480386
28,0.401954
29,0.401954
30,0.401954
31,0.421562
32,0.421562
33,0.382347
34,0.382347
35,0.421562
36,0.401954
37,0.401954
38,0.382347
39,0.382347
40,0.441170
41,0.460778
42,0.421562
43,0.421562
44,0.362739
45,0.362739
46,0.362739
47,0.401954
48,0.401954
49,0.401954
50,0.382347
51,0.421562
52,0.421562
53,0.362739
54,0.362739
55,0.401954
56,0.421562
57,0.441170
58,0.421562
59,0.401954
60,0.441170
61,0.441170
62,0.460778
63,0.480386
64,0.460778
65,0.499993
66,0.578425
67,0.637248
68,0.715679
69,0.754895
70,0.794110
71,0.892149
72,0.990188
73,1.088227
74,1.186266
75,1.284305
76,1.421560
77,1.499991
78,1.519599
79,1.598030
80,1.656854
81,1.637246
82,1.598030
83,1.499991
84,1.362737
85,1.264698
86,1.127443
87,1.029404
88,0.950973
89,0.833326
90,0.715679
91,0.637248
92,0.558817
93,0.480386
94,0.382347
95,0.284308
96,0.245092
97,0.205876
98,0.205876
99,0.166661
100,0.147053
101,0.166661
102,0.166661
103,0.107837
104,0.088230
105,0.127445
106,0.107837
107,0.127445
108,0.127445
109,0.166661
110,0.205876
111,0.147053
112,0.107837
113,0.205876
114,0.225484
115,0.186269
116,0.186269
117,0.186269
118,0.205876
119,0.186269
120,0.127445
121,0.127445
122,0.147053
123,0.225484
124,0.245092
125,0.245092
126,0.225484
127,0.225484
128,0.127445
129,0.127445
130,0.245092
131,0.225484
132,0.225484
133,0.166661
134,0.186269
135,0.245092
136,0.186269
137,0.127445
138,0.147053
139,0.186269
140,0.225484
141,0.225484
142,0.264700
143,0.264700
144,0.225484
145,0.186269
146,0.186269
147,0.205876
148,0.245092
149,0.264700
150,0.225484
151,0.245092
152,0.245092
153,0.166661
154,0.166661
155,0.205876
156,0.245092
157,0.205876
158,0.127445
159,0.205876
160,0.245092
161,0.186269
162,0.186269
163,0.186269
164,0.225484
165,0.205876
166,0.186269
167,0.225484
168,0.264700
169,0.205876
170,0.205876
171,0.245092
172,0.264700
173,0.284308
174,0.264700
175,0.264700
176,0.323523
177,0.382347
178,0.284308
179,0.264700
180,0.323523
181,0.323523
182,0.343131
183,0.343131
184,0.382347
185,0.362739
186,0.323523
187,0.323523
188,0.382347
189,0.441170
190,0.421562
191,0.401954
192,0.460778
193,0.421562
194,0.401954
195,0.382347
196,0.460778
197,0.480386
198,0.460778
199,0.519601
200,0.499993
201,0.499993
202,0.480386
203,0.441170
204,0.480386
205,0.499993
206,0.480386
207,0.441170
208,0.401954
209,0.421562
210,0.460778
211,0.421562
212,0.421562
213,0.441170
214,0.421562
215,0.421562
216,0.421562
217,0.460778
218,0.499993
219,0.480386
220,0.401954
221,0.441170
222,0.499993
223,0.480386
224,0.460778
225,0.441170
226,0.441170
227,0.460778
228,0.401954
229,0.401954
230,0.421562
231,0.499993
232,0.499993
233,0.382347
234,0.421562
235,0.460778
236,0.401954
237,0.382347
238,0.401954
239,0.382347
240,0.401954
241,0.382347
242,0.421562
243,0.460778
244,0.401954
245,0.362739
246,0.382347
247,0.401954
248,0.421562
249,0.421562
250,0.401954
251,0.421562
252,0.401954
253,0.382347
254,0.362739
255,0.362739
256,0.382347
257,0.382347
258,0.362739
259,0.421562
260,0.421562
261,0.303915
262,0.303915
263,0.382347
264,0.382347
265,0.421562
266,0.401954
267,0.401954
268,0.421562
269,0.401954
270,0.362739
271,0.343131
272,0.362739
273,0.382347
274,0.362739
275,0.343131
276,0.382347
277,0.362739
278,0.343131
279,0.343131
280,0.362739
281,0.382347
282,0.401954
283,0.401954
284,0.421562
285,0.401954
286,0.382347
287,0.362739
288,0.382347
289,0.421562
290,0.421562
291,0.421562
292,0.382347
293,0.421562
294,0.441170
295,0.460778
296,0.460778
297,0.460778
298,0.519601
299,0.519601
300,0.519601
301,0.558817
302,0.578425
303,0.519601
304,0.480386
305,0.499993
306,0.558817
307,0.539209
308,0.460778
309,0.480386
310,0.499993
311,0.401954
312,0.382347
313,0.401954
314,0.401954
315,0.421562
316,0.401954
317,0.382347
318,0.421562
319,0.401954
320,0.343131
321,0.362739
322,0.382347
323,0.401954
324,0.362739
325,0.362739
326,0.421562
327,0.441170
328,0.362739
329,0.362739
330,0.401954
331,0.421562
332,0.441170
333,0.401954
334,0.421562
335,0.401954
336,0.382347
337,0.401954
338,0.421562
339,0.421562
340,0.401954
341,0.382347
342,0.421562
343,0.499993
344,0.441170
345,0.401954
346,0.480386
347,0.598032
348,0.656856
349,0.676464
350,0.715679
351,0.794110
352,0.833326
353,0.892149
354,0.970581
355,1.107835
356,1.245090
357,1.362737
358,1.441168
359,1.539207
360,1.637246
361,1.676461
362,1.696069
363,1.637246
364,1.558815
365,1.480383
366,1.323521
367,1.186266
368,1.166659
369,1.068620
370,0.931365
371,0.813718
372,0.696071
373,0.656856
374,0.558817
375,0.558817
376,0.441170
377,0.284308
378,0.205876
379,0.166661
380,0.186269
381,0.205876
382,0.205876
383,0.166661
384,0.088230
385,0.107837
386,0.068622
387,0.068622
388,0.147053
389,0.166661
390,0.205876
391,0.186269
392,0.147053
393,0.186269
394,0.147053
395,0.147053
396,0.186269
397,0.147053
398,0.147053
399,0.186269
400,0.186269
401,0.186269
402,0.186269
403,0.127445
404,0.147053
405,0.186269
406,0.205876
407,0.225484
408,0.245092
409,0.186269
410,0.186269
411,0.147053
412,0.166661
413,0.186269
414,0.186269
415,0.127445
416,0.107837
417,0.147053
418,0.166661
419,0.147053
420,0.147053
421,0.147053
422,0.186269
423,0.186269
424,0.186269
425,0.166661
426,0.245092
427,0.225484
428,0.205876
429,0.166661
430,0.186269
431,0.166661
432,0.205876
433,0.166661
434,0.186269
435,0.205876
436,0.166661
437,0.186269
438,0.166661
439,0.225484
440,0.264700
441,0.186269
442,0.205876
443,0.225484
444,0.166661
445,0.166661
446,0.147053
447,0.186269
448,0.264700
449,0.245092
450,0.166661
451,0.205876
452,0.225484
453,0.186269
454,0.166661
455,0.225484
456,0.245092
457,0.284308
458,0.225484
459,0.225484
460,0.303915
461,0.264700
462,0.284308
463,0.303915
464,0.303915
465,0.323523
466,0.323523
467,0.343131
468,0.382347
469,0.382347
470,0.382347
471,0.323523
472,0.323523
473,0.421562
474,0.421562
475,0.401954
476,0.460778
477,0.421562
478,0.460778
479,0.460778
480,0.421562
481,0.421562
482,0.441170
483,0.421562
484,0.441170
485,0.441170
486,0.382347
487,0.382347
488,0.421562
489,0.499993
490,0.558817
491,0.519601
492,0.480386
493,0.441170
494,0.441170
495,0.480386
496,0.421562
497,0.441170
498,0.421562
499,0.441170
500,0.460778
501,0.539209
502,0.499993
503,0.421562
504,0.401954
505,0.421562
506,0.460778
507,0.441170
508,0.382347
509,0.401954
510,0.460778
511,0.441170
512,0.362739
513,0.362739
514,0.421562
515,0.441170
516,0.382347
517,0.421562
518,0.460778
519,0.343131
520,0.343131
521,0.382347
522,0.441170
523,0.480386
524,0.421562
525,0.401954
526,0.382347
527,0.362739
528,0.362739
529,0.382347
530,0.362739
531,0.362739
532,0.382347
533,0.382347
534,0.401954
535,0.382347
536,0.323523
537,0.343131
538,0.362739
539,0.362739
540,0.362739
541,0.362739
542,0.382347
543,0.421562
544,0.401954
545,0.343131
546,0.343131
547,0.382347
548,0.382347
549,0.362739
550,0.343131
551,0.323523
552,0.362739
553,0.343131
554,0.323523
555,0.323523
556,0.401954
557,0.343131
558,0.303915
559,0.343131
560,0.362739
561,0.343131
562,0.323523
563,0.343131
564,0.421562
565,0.401954
566,0.382347
567,0.421562
568,0.421562
569,0.421562
570,0.382347
571,0.382347
572,0.401954
573,0.460778
574,0.441170
575,0.441170
576,0.519601
577,0.421562
578,0.401954
579,0.460778
580,0.539209
581,0.558817
582,0.558817
583,0.499993
584,0.480386
585,0.480386
586,0.499993
587,0.480386
588,0.441170
589,0.460778
590,0.480386
591,0.421562
592,0.421562
593,0.441170
594,0.382347
595,0.362739
596,0.362739
597,0.382347
598,0.421562
599,0.382347
600,0.382347
601,0.421562
602,0.382347
603,0.362739
604,0.382347
605,0.441170
606,0.441170
607,0.421562
608,0.382347
609,0.421562
610,0.382347
611,0.382347
612,0.401954
613,0.362739
614,0.343131
615,0.382347
616,0.362739
617,0.401954
618,0.401954
619,0.343131
620,0.401954
621,0.441170
622,0.401954
623,0.421562
624,0.401954
625,0.421562
626,0.480386
627,0.499993
628,0.499993
629,0.558817
630,0.656856
631,0.735287
632,0.813718
633,0.872542
634,0.970581
635,1.029404
636,1.107835
637,1.186266
638,1.303913
639,1.441168
640,1.558815
641,1.598030
642,1.676461
643,1.735285
644,1.637246
645,1.558815
646,1.460776
647,1.323521
648,1.284305
649,1.186266
650,1.068620
651,0.990188
652,0.833326
653,0.696071
654,0.617640
655,0.558817
656,0.499993
657,0.382347
658,0.303915
659,0.284308
660,0.205876
661,0.147053
662,0.147053
663,0.107837
664,0.166661
665,0.186269
666,0.166661
667,0.088230
668,0.107837
669,0.107837
670,0.068622
671,0.127445
672,0.147053
673,0.166661
674,0.127445
675,0.127445
676,0.147053
677,0.127445
678,0.107837
679,0.147053
680,0.147053
681,0.166661
682,0.147053
683,0.127445
684,0.147053
685,0.147053
686,0.127445
687,0.127445
688,0.166661
689,0.205876
690,0.205876
691,0.147053
692,0.166661
693,0.186269
694,0.147053
695,0.127445
696,0.127445
697,0.166661
698,0.225484
699,0.186269
700,0.166661
701,0.186269
702,0.166661
703,0.127445
704,0.127445
705,0.127445
706,0.186269
707,0.205876
708,0.186269
709,0.166661
710,0.127445
711,0.107837
712,0.147053
713,0.147053
714,0.127445
715,0.127445
716,0.127445
717,0.147053
718,0.147053
719,0.127445
720,0.166661
721,0.166661
722,0.166661
723,0.186269
724,0.147053
725,0.166661
726,0.205876
727,0.186269
728,0.166661
729,0.166661
730,0.166661
731,0.225484
732,0.205876
733,0.186269
734,0.225484
735,0.205876
736,0.205876
737,0.205876
738,0.205876
739,0.225484
740,0.284308
741,0.284308
742,0.284308
743,0.284308
744,0.284308
745,0.284308
746,0.303915
747,0.362739
748,0.401954
749,0.343131
750,0.323523
751,0.382347
752,0.362739
753,0.323523
754,0.362739
755,0.401954
756,0.421562
757,0.421562
758,0.421562
759,0.480386
760,0.421562
761,0.382347
762,0.421562
763,0.441170
764,0.460778
765,0.460778
766,0.401954
767,0.421562
768,0.460778
769,0.441170
770,0.421562
771,0.421562
772,0.421562
773,0.441170
774,0.460778
775,0.441170
776,0.460778
777,0.441170
778,0.401954
779,0.401954
780,0.401954
781,0.441170
782,0.421562
783,0.401954
784,0.441170
785,0.441170
786,0.421562
787,0.441170
788,0.460778
789,0.441170
790,0.441170
791,0.421562
792,0.421562
793,0.421562
794,0.401954
795,0.362739
796,0.382347
797,0.421562
798,0.441170
799,0.421562
800,0.421562
801,0.441170
802,0.421562
803,0.382347
804,0.362739
805,0.401954
806,0.421562
807,0.401954
808,0.362739
809,0.401954
810,0.362739
811,0.343131
812,0.362739
813,0.401954
814,0.362739
815,0.362739
816,0.362739
817,0.343131
818,0.343131
819,0.323523
820,0.343131
821,0.382347
822,0.343131
823,0.343131
824,0.343131
825,0.343131
826,0.343131
827,0.303915
828,0.303915
829,0.303915
830,0.323523
831,0.362739
832,0.343131
833,0.343131
834,0.382347
835,0.382347
836,0.323523
837,0.343131
838,0.362739
839,0.382347
840,0.401954
841,0.401954
842,0.382347
843,0.323523
844,0.343131
845,0.323523
846,0.323523
847,0.382347
848,0.421562
849,0.421562
850,0.421562
851,0.382347
852,0.343131
853,0.382347
854,0.401954
855,0.343131
856,0.421562
857,0.441170
858,0.421562
859,0.460778
860,0.441170
861,0.441170
862,0.499993
863,0.480386
864,0.499993
865,0.519601
866,0.539209
867,0.558817
868,0.519601
869,0.499993
870,0.480386
871,0.460778
872,0.480386
873,0.480386
874,0.441170
875,0.362739
876,0.343131
877,0.343131
878,0.382347
879,0.401954
880,0.421562
881,0.382347
882,0.362739
883,0.401954
884,0.401954
885,0.421562
886,0.362739
887,0.343131
888,0.401954
889,0.401954
890,0.382347
891,0.382347
892,0.401954
893,0.362739
894,0.382347
895,0.441170
896,0.421562
897,0.323523
898,0.382347
899,0.401954
900,0.401954
901,0.401954
902,0.343131
903,0.343131
904,0.382347
905,0.401954
906,0.441170
907,0.441170
908,0.499993
909,0.539209
910,0.499993
911,0.539209
912,0.637248
913,0.715679
914,0.813718
915,0.892149
916,0.950973
917,1.088227
918,1.186266
919,1.264698
920,1.323521
921,1.441168
922,1.558815
923,1.637246
924,1.656854
925,1.696069
926,1.656854
927,1.578422
928,1.421560
929,1.284305
930,1.205874
931,1.166659
932,1.009796
933,0.852934
934,0.794110
935,0.656856
936,0.578425
937,0.499993
938,0.460778
939,0.401954
940,0.303915
941,0.205876
942,0.186269
943,0.127445
944,0.068622
945,0.068622
946,0.068622
947,0.068622
948,0.107837
949,0.068622
950,0.088230
951,0.107837
952,0.088230
953,0.107837
954,0.107837
955,0.127445
956,0.147053
957,0.127445
958,0.127445
959,0.166661
960,0.127445
961,0.107837
962,0.127445
963,0.127445
964,0.166661
965,0.166661
966,0.166661
967,0.186269
968,0.186269
969,0.147053
970,0.147053
971,0.147053
972,0.166661
973,0.166661
974,0.147053
975,0.186269
976,0.147053
977,0.068622
978,0.088230
979,0.166661
980,0.166661
981,0.186269
982,0.147053
983,0.147053
984,0.166661
985,0.166661
986,0.166661
987,0.127445
988,0.147053
989,0.205876
990,0.205876
991,0.166661
992,0.166661
993,0.186269
994,0.166661
995,0.186269
996,0.205876
997,0.205876
998,0.147053
999,0.107837
1000,0.186269
1001,0.166661
1002,0.127445
1003,0.107837
1004,0.107837
1005,0.127445
1006,0.186269
1007,0.147053
1008,0.127445
1009,0.166661
1010,0.205876
1011,0.166661
1012,0.147053
1013,0.166661
1014,0.225484
1015,0.225484
1016,0.225484
1017,0.245092
1018,0.205876
1019,0.186269
1020,0.225484
1021,0.245092
1022,0.264700
1023,0.323523
1024,0.343131
1025,0.323523
1026,0.343131
1027,0.303915
1028,0.303915
1029,0.303915
1030,0.323523
1031,0.362739
1032,0.362739
1033,0.343131
1034,0.362739
1035,0.343131
1036,0.362739
1037,0.401954
1038,0.421562
1039,0.421562
1040,0.401954
1041,0.421562
1042,0.441170
1043,0.382347
1044,0.382347
1045,0.401954
1046,0.401954
1047,0.421562
1048,0.441170
1049,0.421562
1050,0.441170
1051,0.441170
1052,0.421562
1053,0.421562
1054,0.421562
1055,0.421562
1056,0.499993
1057,0.441170
1058,0.421562
1059,0.401954
1060,0.382347
1061,0.362739
1062,0.382347
1063,0.382347
1064,0.441170
1065,0.441170
1066,0.401954
1067,0.401954
1068,0.421562
1069,0.421562
1070,0.441170
1071,0.421562
1072,0.401954
1073,0.401954
1074,0.382347
1075,0.401954
1076,0.382347
1077,0.362739
1078,0.382347
1079,0.401954
1080,0.382347
1081,0.382347
1082,0.421562
1083,0.362739
1084,0.382347
1085,0.362739
1086,0.343131
1087,0.362739
1088,0.343131
1089,0.382347
1090,0.362739
1091,0.362739
1092,0.401954
1093,0.362739
1094,0.343131
1095,0.343131
1096,0.343131
1097,0.362739
1098,0.421562
1099,0.362739
1100,0.382347
1101,0.303915
1102,0.284308
1103,0.323523
1104,0.303915
1105,0.343131
1106,0.343131
1107,0.303915
1108,0.303915
1109,0.362739
1110,0.323523
1111,0.303915
1112,0.323523
1113,0.323523
1114,0.362739
1115,0.382347
1116,0.382347
1117,0.362739
1118,0.323523
1119,0.323523
1120,0.343131
1121,0.323523
1122,0.362739
1123,0.401954
1124,0.362739
1125,0.362739
1126,0.362739
1127,0.343131
1128,0.362739
1129,0.362739
1130,0.382347
1131,0.382347
1132,0.382347
1133,0.382347
1134,0.382347
1135,0.382347
1136,0.362739
1137,0.401954
1138,0.401954
1139,0.421562
1140,0.401954
1141,0.421562
1142,0.480386
1143,0.480386
1144,0.480386
1145,0.499993
1146,0.539209
1147,0.519601
1148,0.499993
1149,0.499993
1150,0.558817
1151,0.519601
1152,0.499993
1153,0.460778
1154,0.421562
1155,0.421562
1156,0.460778
1157,0.421562
1158,0.441170
1159,0.362739
1160,0.323523
1161,0.323523
1162,0.303915
1163,0.303915
1164,0.421562
1165,0.382347
1166,0.343131
1167,0.362739
1168,0.343131
1169,0.343131
1170,0.362739
1171,0.362739
1172,0.401954
1173,0.421562
1174,0.382347
1175,0.401954
1176,0.401954
1177,0.401954
1178,0.382347
1179,0.343131
1180,0.362739
1181,0.401954
1182,0.362739
1183,0.382347
1184,0.401954
1185,0.343131
1186,0.382347
1187,0.382347
1188,0.421562
1189,0.441170
1190,0.480386
1191,0.499993
1192,0.558817
1193,0.617640
1194,0.656856
1195,0.715679
1196,0.813718
1197,0.931365
1198,0.970581
1199,1.068620
1200,1.264698
1201,1.323521
1202,1.382344
1203,1.460776
1204,1.519599
1205,1.558815
1206,1.656854
1207,1.598030
1208,1.519599
1209,1.421560
1210,1.245090
1211,1.147051
1212,1.049012
1213,0.950973
1214,0.872542
1215,0.754895
1216,0.637248
1217,0.558817
1218,0.480386
1219,0.421562
1220,0.362739
1221,0.264700
1222,0.225484
1223,0.186269
1224,0.147053
1225,0.166661
1226,0.127445
1227,0.068622
1228,0.088230
1229,0.088230
1230,0.107837
1231,0.127445
1232,0.127445
1233,0.127445
1234,0.166661
1235,0.127445
1236,0.107837
1237,0.127445
1238,0.166661
1239,0.166661
1240,0.147053
1241,0.147053
1242,0.147053
1243,0.127445
1244,0.127445
1245,0.127445
1246,0.166661
1247,0.186269
1248,0.205876
1249,0.186269
1250,0.186269
1251,0.186269
1252,0.186269
1253,0.147053
1254,0.166661
1255,0.205876
1256,0.186269
1257,0.147053
1258,0.127445
1259,0.127445
1260,0.147053
1261,0.127445
1262,0.127445
1263,0.147053
1264,0.205876
1265,0.166661
1266,0.147053
1267,0.205876
1268,0.205876
1269,0.147053
1270,0.166661
1271,0.186269
1272,0.186269
1273,0.186269
1274,0.186269
1275,0.186269
1276,0.166661
1277,0.186269
1278,0.186269
1279,0.166661
1280,0.186269
1281,0.225484
1282,0.225484
1283,0.264700
1284,0.205876
1285,0.166661
1286,0.205876
1287,0.225484
1288,0.225484
1289,0.284308
1290,0.225484
1291,0.166661
1292,0.205876
1293,0.186269
1294,0.225484
1295,0.245092
1296,0.225484
1297,0.225484
1298,0.225484
1299,0.245092
1300,0.303915
1301,0.264700
1302,0.303915
1303,0.245092
1304,0.225484
1305,0.245092
1306,0.303915
1307,0.323523
1308,0.323523
1309,0.323523
1310,0.303915
1311,0.323523
1312,0.323523
1313,0.362739
1314,0.401954
1315,0.382347
1316,0.382347
1317,0.421562
1318,0.382347
1319,0.343131
1320,0.382347
1321,0.441170
1322,0.460778
1323,0.441170
1324,0.421562
1325,0.460778
1326,0.382347
1327,0.401954
1328,0.401954
1329,0.382347
1330,0.382347
1331,0.401954
1332,0.401954
1333,0.480386
1334,0.499993
1335,0.441170
1336,0.401954
1337,0.401954
1338,0.421562
1339,0.460778
1340,0.401954
1341,0.362739
1342,0.382347
1343,0.401954
1344,0.441170
1345,0.441170
1346,0.382347
1347,0.421562
1348,0.441170
1349,0.421562
1350,0.441170
1351,0.499993
1352,0.421562
1353,0.382347
1354,0.441170
1355,0.441170
1356,0.421562
1357,0.343131
1358,0.343131
1359,0.343131
1360,0.323523
1361,0.343131
1362,0.323523
1363,0.382347
1364,0.421562
1365,0.441170
1366,0.401954
1367,0.401954
1368,0.421562
1369,0.499993
1370,0.460778
1371,0.284308
1372,0.343131
1373,0.401954
1374,0.323523
1375,0.323523
1376,0.264700
1377,0.264700
1378,0.303915
1379,0.303915
1380,0.362739
1381,0.401954
1382,0.343131
1383,0.343131
1384,0.303915
1385,0.323523
1386,0.343131
1387,0.323523
1388,0.362739
1389,0.362739
1390,0.284308
1391,0.343131
1392,0.343131
1393,0.284308
1394,0.264700
1395,0.264700
1396,0.284308
1397,0.362739
1398,0.362739
1399,0.323523
1400,0.343131
1401,0.303915
1402,0.303915
1403,0.323523
1404,0.343131
1405,0.362739
1406,0.382347
1407,0.362739
1408,0.362739
1409,0.343131
1410,0.382347
1411,0.362739
1412,0.362739
1413,0.362739
1414,0.401954
1415,0.382347
1416,0.362739
1417,0.382347
1418,0.362739
1419,0.382347
1420,0.421562
1421,0.441170
1422,0.558817
1423,0.460778
1424,0.421562
1425,0.460778
1426,0.480386
1427,0.499993
1428,0.539209
1429,0.480386
1430,0.441170
1431,0.480386
1432,0.480386
1433,0.519601
1434,0.460778
1435,0.382347
1436,0.362739
1437,0.343131
1438,0.362739
1439,0.382347
1440,0.401954
1441,0.401954
1442,0.362739
1443,0.284308
1444,0.303915
1445,0.343131
1446,0.343131
1447,0.382347
1448,0.401954
1449,0.421562
1450,0.401954
1451,0.362739
1452,0.382347
1453,0.421562
1454,0.401954
1455,0.401954
1456,0.401954
1457,0.382347
1458,0.382347
1459,0.362739
1460,0.362739
1461,0.343131
1462,0.343131
1463,0.343131
1464,0.382347
1465,0.343131
1466,0.362739
1467,0.401954
1468,0.362739
1469,0.401954
1470,0.441170
1471,0.421562
1472,0.460778
1473,0.519601
1474,0.598032
1475,0.676464
1476,0.735287
1477,0.735287
1478,0.813718
1479,0.911757
1480,0.990188
1481,1.088227
1482,1.186266
1483,1.303913
1484,1.362737
1485,1.441168
1486,1.558815
1487,1.598030
1488,1.637246
1489,1.637246
1490,1.578422
1491,1.460776
1492,1.245090
1493,1.088227
1494,1.068620
1495,0.950973
1496,0.833326
1497,0.754895
1498,0.676464
1499,0.598032
1500,0.558817
1501,0.441170
1502,0.382347
1503,0.323523
1504,0.245092
1505,0.205876
1506,0.205876
1507,0.147053
1508,0.049014
1509,0.049014
1510,0.068622
1511,0.107837
1512,0.127445
1513,0.088230
1514,0.166661
1515,0.147053
1516,0.186269
1517,0.186269
1518,0.127445
1519,0.127445
1520,0.147053
1521,0.147053
1522,0.186269
1523,0.186269
1524,0.166661
1525,0.186269
1526,0.166661
1527,0.166661
1528,0.186269
1529,0.186269
1530,0.225484
1531,0.264700
1532,0.186269
1533,0.147053
1534,0.147053
1535,0.147053
1536,0.166661
1537,0.147053
1538,0.147053
1539,0.186269
1540,0.205876
1541,0.205876
1542,0.205876
1543,0.205876
1544,0.186269
1545,0.147053
1546,0.147053
1547,0.205876
1548,0.225484
1549,0.225484
1550,0.205876
1551,0.166661
1552,0.205876
1553,0.205876
1554,0.147053
1555,0.186269
1556,0.205876
1557,0.205876
1558,0.225484
1559,0.205876
1560,0.186269
1561,0.166661
1562,0.186269
1563,0.264700
1564,0.205876
1565,0.166661
1566,0.186269
1567,0.205876
1568,0.186269
1569,0.205876
1570,0.225484
1571,0.225484
1572,0.264700
1573,0.225484
1574,0.225484
1575,0.245092
1576,0.186269
1577,0.186269
1578,0.186269
1579,0.205876
1580,0.225484
1581,0.264700
1582,0.245092
1583,0.264700
1584,0.264700
1585,0.284308
1586,0.264700
1587,0.284308
1588,0.323523
1589,0.362739
1590,0.343131
1591,0.401954
1592,0.362739
1593,0.303915
1594,0.343131
1595,0.362739
1596,0.382347
1597,0.382347
1598,0.401954
1599,0.401954
1600,0.441170
1601,0.401954
1602,0.401954
1603,0.421562
1604,0.421562
1605,0.460778
1606,0.460778
1607,0.460778
1608,0.480386
1609,0.421562
1610,0.421562
1611,0.441170
1612,0.441170
1613,0.441170
1614,0.460778
1615,0.480386
1616,0.519601
1617,0.460778
1618,0.401954
1619,0.421562
1620,0.460778
1621,0.441170
1622,0.480386
1623,0.441170
1624,0.421562
1625,0.441170
1626,0.421562
1627,0.421562
1628,0.441170
1629,0.460778
1630,0.441170
1631,0.480386
1632,0.441170
1633,0.460778
1634,0.460778
1635,0.401954
1636,0.401954
1637,0.382347
1638,0.401954
1639,0.401954
1640,0.401954
1641,0.401954
1642,0.401954
1643,0.382347
1644,0.401954
1645,0.421562
1646,0.401954
1647,0.421562
1648,0.421562
1649,0.421562
1650,0.382347
1651,0.362739
1652,0.382347
1653,0.421562
1654,0.382347
1655,0.401954
1656,0.382347
1657,0.382347
1658,0.421562
1659,0.362739
1660,0.323523
1661,0.382347
1662,0.382347
1663,0.343131
1664,0.362739
1665,0.343131
1666,0.362739
1667,0.362739
1668,0.362739
1669,0.382347
1670,0.362739
1671,0.401954
1672,0.421562
1673,0.362739
1674,0.382347
1675,0.362739
1676,0.303915
1677,0.323523
1678,0.323523
1679,0.323523
1680,0.343131
1681,0.401954
1682,0.382347
1683,0.460778
1684,0.343131
1685,0.284308
1686,0.343131
1687,0.362739
1688,0.382347
1689,0.362739
1690,0.323523
1691,0.343131
1692,0.362739
1693,0.362739
1694,0.401954
1695,0.401954
1696,0.401954
1697,0.460778
1698,0.421562
1699,0.421562
1700,0.441170
1701,0.401954
1702,0.421562
1703,0.441170
1704,0.421562
1705,0.460778
1706,0.499993
1707,0.499993
1708,0.519601
1709,0.519601
1710,0.499993
1711,0.519601
1712,0.499993
1713,0.480386
1714,0.499993
1715,0.480386
1716,0.480386
1717,0.460778
1718,0.441170
1719,0.382347
1720,0.401954
1721,0.401954
1722,0.441170
1723,0.421562
1724,0.382347
1725,0.382347
1726,0.362739
1727,0.362739
1728,0.401954
1729,0.382347
1730,0.421562
1731,0.421562
1732,0.401954
1733,0.401954
1734,0.362739
1735,0.362739
1736,0.401954
1737,0.362739
1738,0.382347
1739,0.421562
1740,0.421562
1741,0.421562
1742,0.401954
1743,0.382347
1744,0.401954
1745,0.421562
1746,0.401954
1747,0.460778
1748,0.460778
1749,0.421562
1750,0.441170
1751,0.421562
1752,0.421562
1753,0.460778
1754,0.460778
1755,0.539209
1756,0.617640
1757,0.656856
1758,0.696071
1759,0.754895
1760,0.833326
1761,0.911757
1762,0.970581
1763,1.107835
1764,1.205874
1765,1.323521
1766,1.441168
1767,1.499991
1768,1.558815
1769,1.656854
1770,1.656854
1771,1.617638
1772,1.558815
1773,1.421560
1774,1.284305
1775,1.225482
1776,1.107835
1777,1.009796
1778,0.911757
1779,0.794110
1780,0.715679
1781,0.637248
1782,0.578425
1783,0.519601
1784,0.401954
1785,0.343131
1786,0.284308
1787,0.166661
1788,0.166661
1789,0.166661
1790,0.127445
1791,0.127445
1792,0.107837
1793,0.049014
1794,0.068622
1795,0.107837
1796,0.166661
1797,0.147053
1798,0.127445
1799,0.147053
1800,0.166661
1801,0.166661
1802,0.205876
1803,0.147053
1804,0.147053
1805,0.147053
1806,0.166661
1807,0.186269
1808,0.147053
1809,0.088230
1810,0.088230
1811,0.147053
1812,0.147053
1813,0.186269
1814,0.186269
1815,0.186269
1816,0.186269
1817,0.147053
1818,0.127445
1819,0.166661
1820,0.205876
1821,0.186269
1822,0.186269
1823,0.186269
1824,0.205876
1825,0.186269
1826,0.127445
1827,0.147053
1828,0.166661
1829,0.147053
1830,0.186269
1831,0.186269
1832,0.205876
1833,0.186269
1834,0.147053
1835,0.147053
1836,0.186269
1837,0.166661
1838,0.166661
1839,0.186269
1840,0.205876
1841,0.205876
1842,0.107837
1843,0.147053
1844,0.186269
1845,0.186269
1846,0.186269
1847,0.225484
1848,0.186269
1849,0.205876
1850,0.205876
1851,0.166661
1852,0.186269
1853,0.205876
1854,0.205876
1855,0.264700
1856,0.186269
1857,0.166661
1858,0.166661
1859,0.147053
1860,0.166661
1861,0.186269
1862,0.186269
1863,0.225484
1864,0.245092
1865,0.245092
1866,0.245092
1867,0.225484
1868,0.245092
1869,0.264700
1870,0.264700
1871,0.303915
1872,0.343131
1873,0.343131
1874,0.401954
1875,0.343131
1876,0.323523
1877,0.362739
1878,0.401954
1879,0.382347
1880,0.382347
1881,0.382347
1882,0.401954
1883,0.401954
1884,0.382347
1885,0.421562
1886,0.421562
1887,0.401954
1888,0.441170
1889,0.480386
1890,0.480386
1891,0.441170
1892,0.421562
1893,0.421562
1894,0.421562
1895,0.401954
1896,0.401954
1897,0.480386
1898,0.460778
1899,0.460778
1900,0.441170
1901,0.441170
1902,0.480386
1903,0.460778
1904,0.460778
1905,0.480386
1906,0.401954
1907,0.441170
1908,0.460778
1909,0.421562
1910,0.421562
1911,0.401954
1912,0.382347
1913,0.441170
1914,0.460778
1915,0.480386
1916,0.441170
1917,0.382347
1918,0.382347
1919,0.401954
1920,0.401954
1921,0.382347
1922,0.421562
1923,0.441170
1924,0.441170
1925,0.441170
1926,0.401954
1927,0.401954
1928,0.401954
1929,0.401954
1930,0.421562
1931,0.401954
1932,0.421562
1933,0.421562
1934,0.362739
1935,0.362739
1936,0.401954
1937,0.382347
1938,0.382347
1939,0.362739
1940,0.362739
1941,0.382347
1942,0.362739
1943,0.382347
1944,0.382347
1945,0.343131
1946,0.362739
1947,0.421562
1948,0.382347
1949,0.382347
1950,0.362739
1951,0.323523
1952,0.323523
1953,0.343131
1954,0.303915
1955,0.343131
1956,0.362739
1957,0.343131
1958,0.343131
1959,0.323523
1960,0.323523
1961,0.343131
1962,0.323523
1963,0.323523
1964,0.343131
1965,0.421562
1966,0.401954
1967,0.264700
1968,0.284308
1969,0.382347
1970,0.362739
1971,0.343131
1972,0.362739
1973,0.323523
1974,0.343131
1975,0.343131
1976,0.343131
1977,0.382347
1978,0.401954
1979,0.382347
1980,0.421562
1981,0.401954
1982,0.441170
1983,0.460778
1984,0.421562
1985,0.441170
1986,0.460778
1987,0.441170
1988,0.519601
1989,0.558817
1990,0.480386
1991,0.460778
1992,0.460778
1993,0.460778
1994,0.480386
1995,0.480386
1996,0.480386
1997,0.480386
1998,0.480386
1999,0.460778
2000,0.401954
2001,0.362739
2002,0.401954
2003,0.401954
2004,0.382347
2005,0.382347
2006,0.421562
2007,0.441170
2008,0.421562
2009,0.343131
2010,0.362739
2011,0.401954
2012,0.362739
2013,0.362739
2014,0.362739
2015,0.362739
2016,0.382347
2017,0.401954
2018,0.401954
2019,0.382347
2020,0.362739
2021,0.382347
2022,0.441170
2023,0.441170
2024,0.401954
2025,0.343131
2026,0.323523
2027,0.382347
2028,0.382347
2029,0.362739
2030,0.382347
2031,0.421562
2032,0.460778
2033,0.421562
2034,0.421562
2035,0.480386
2036,0.499993
2037,0.558817
2038,0.637248
2039,0.656856
2040,0.696071
2041,0.813718
2042,0.852934
2043,0.931365
2044,1.049012
2045,1.147051
2046,1.245090
2047,1.362737
2048,1.480383
2049,1.578422
2050,1.598030
2051,1.656854
2052,1.676461
2053,1.617638
2054,1.499991
2055,1.421560
2056,1.343129
2057,1.284305
2058,1.166659
2059,0.970581
2060,0.911757
2061,0.833326
2062,0.637248
2063,0.598032
2064,0.539209
2065,0.401954
2066,0.323523
2067,0.186269
2068,0.166661
2069,0.205876
2070,0.147053
2071,0.147053
2072,0.127445
2073,0.107837
2074,0.127445
2075,0.088230
2076,0.088230
2077,0.147053
2078,0.107837
2079,0.107837
2080,0.147053
2081,0.186269
2082,0.186269
2083,0.127445
2084,0.088230
2085,0.127445
2086,0.186269
2087,0.107837
2088,0.127445
2089,0.147053
2090,0.147053
2091,0.147053
2092,0.107837
2093,0.107837
2094,0.127445
2095,0.147053
2096,0.186269
2097,0.186269
2098,0.166661
2099,0.166661
2100,0.127445
2101,0.127445
2102,0.127445
2103,0.147053
2104,0.147053
2105,0.147053
2106,0.205876
2107,0.186269
2108,0.166661
2109,0.127445
2110,0.147053
2111,0.166661
2112,0.147053
2113,0.147053
2114,0.147053
2115,0.166661
2116,0.166661
2117,0.147053
2118,0.166661
2119,0.186269
2120,0.107837
2121,0.127445
2122,0.205876
2123,0.186269
2124,0.147053
2125,0.127445
2126,0.107837
2127,0.166661
2128,0.166661
2129,0.147053
2130,0.186269
2131,0.127445
2132,0.147053
2133,0.166661
2134,0.127445
2135,0.147053
2136,0.166661
2137,0.147053
2138,0.205876
2139,0.186269
2140,0.225484
2141,0.225484
2142,0.205876
2143,0.186269
2144,0.186269
2145,0.186269
2146,0.225484
2147,0.264700
2148,0.245092
2149,0.264700
2150,0.225484
2151,0.186269
2152,0.284308
2153,0.303915
2154,0.303915
2155,0.323523
2156,0.343131
2157,0.362739
2158,0.362739
2159,0.343131
2160,0.382347
2161,0.382347
2162,0.343131
2163,0.343131
2164,0.401954
2165,0.441170
2166,0.421562
2167,0.401954
2168,0.421562
2169,0.441170
2170,0.421562
2171,0.401954
2172,0.401954
2173,0.382347
2174,0.460778
2175,0.401954
2176,0.343131
2177,0.401954
2178,0.421562
2179,0.441170
2180,0.421562
2181,0.441170
2182,0.460778
2183,0.421562
2184,0.382347
2185,0.421562
2186,0.460778
2187,0.421562
2188,0.421562
2189,0.421562
2190,0.460778
2191,0.460778
2192,0.382347
2193,0.382347
2194,0.401954
2195,0.421562
2196,0.460778
2197,0.460778
2198,0.480386
2199,0.421562
2200,0.343131
2201,0.343131
2202,0.401954
2203,0.421562
2204,0.401954
2205,0.421562
2206,0.401954
2207,0.421562
2208,0.401954
2209,0.362739
2210,0.401954
2211,0.401954
2212,0.362739
2213,0.401954
2214,0.401954
2215,0.382347
2216,0.382347
2217,0.343131
2218,0.362739
2219,0.382347
2220,0.323523
2221,0.343131
2222,0.362739
2223,0.343131
2224,0.362739
2225,0.343131
2226,0.323523
2227,0.362739
2228,0.343131
2229,0.323523
2230,0.343131
2231,0.401954
2232,0.382347
2233,0.343131
2234,0.303915
2235,0.362739
2236,0.362739
2237,0.284308
2238,0.303915
2239,0.323523
2240,0.343131
2241,0.323523
2242,0.284308
2243,0.323523
2244,0.343131
2245,0.323523
2246,0.343131
2247,0.382347
2248,0.401954
2249,0.401954
2250,0.343131
2251,0.303915
2252,0.362739
2253,0.382347
2254,0.401954
2255,0.362739
2256,0.401954
2257,0.480386
2258,0.401954
2259,0.343131
2260,0.401954
2261,0.441170
2262,0.401954
2263,0.343131
2264,0.323523
2265,0.401954
2266,0.401954
2267,0.343131
2268,0.382347
2269,0.480386
2270,0.441170
2271,0.460778
2272,0.480386
2273,0.519601
2274,0.519601
2275,0.499993
2276,0.499993
2277,0.519601
2278,0.539209
2279,0.480386
2280,0.499993
2281,0.499993
2282,0.499993
2283,0.401954
2284,0.343131
2285,0.382347
2286,0.421562
2287,0.401954
2288,0.401954
2289,0.401954
2290,0.441170
2291,0.382347
2292,0.303915
2293,0.343131
2294,0.382347
2295,0.343131
2296,0.382347
2297,0.401954
2298,0.401954
2299,0.382347
2300,0.343131
2301,0.343131
2302,0.401954
2303,0.382347
2304,0.362739
2305,0.362739
2306,0.401954
2307,0.401954
2308,0.362739
2309,0.343131
2310,0.362739
2311,0.343131
2312,0.323523
2313,0.362739
2314,0.362739
2315,0.401954
2316,0.401954
2317,0.382347
2318,0.421562
2319,0.480386
2320,0.539209
2321,0.578425
2322,0.617640
2323,0.715679
2324,0.794110
2325,0.833326
2326,0.892149
2327,1.009796
2328,1.107835
2329,1.205874
2330,1.303913
2331,1.401952
2332,1.519599
2333,1.598030
2334,1.617638
2335,1.676461
2336,1.656854
2337,1.598030
2338,1.460776
2339,1.303913
2340,1.245090
2341,1.147051
2342,0.970581
2343,0.872542
2344,0.794110
2345,0.656856
2346,0.598032
2347,0.519601
2348,0.441170
2349,0.343131
2350,0.264700
2351,0.205876
2352,0.186269
2353,0.147053
2354,0.166661
2355,0.166661
2356,0.127445
2357,0.127445
2358,0.088230
2359,0.068622
2360,0.147053
2361,0.107837
2362,0.068622
2363,0.107837
2364,0.127445
2365,0.147053
2366,0.107837
2367,0.068622
2368,0.107837
2369,0.127445
2370,0.088230
2371,0.107837
2372,0.147053
2373,0.166661
2374,0.127445
2375,0.068622
2376,0.107837
2377,0.147053
2378,0.147053
2379,0.166661
2380,0.166661
2381,0.186269
2382,0.186269
2383,0.147053
2384,0.107837
2385,0.147053
2386,0.186269
2387,0.166661
2388,0.166661
2389,0.147053
2390,0.147053
2391,0.107837
2392,0.068622
2393,0.107837
2394,0.147053
2395,0.107837
2396,0.127445
2397,0.186269
2398,0.186269
2399,0.166661
2400,0.107837
2401,0.127445
2402,0.166661
2403,0.147053
2404,0.147053
2405,0.166661
2406,0.186269
2407,0.205876
2408,0.205876
2409,0.107837
2410,0.147053
2411,0.166661
2412,0.166661
2413,0.166661
2414,0.166661
2415,0.147053
2416,0.147053
2417,0.147053
2418,0.166661
2419,0.205876
2420,0.186269
2421,0.186269
2422,0.186269
2423,0.205876
2424,0.186269
2425,0.127445
2426,0.166661
2427,0.205876
2428,0.186269
2429,0.186269
2430,0.205876
2431,0.245092
2432,0.284308
2433,0.225484
2434,0.225484
2435,0.245092
2436,0.284308
2437,0.284308
2438,0.284308
2439,0.303915
2440,0.382347
2441,0.382347
2442,0.303915
2443,0.284308
2444,0.343131
2445,0.362739
2446,0.382347
2447,0.401954
2448,0.421562
2449,0.441170
2450,0.343131
2451,0.362739
2452,0.421562
2453,0.362739
2454,0.382347
2455,0.421562
2456,0.401954
2457,0.421562
2458,0.401954
2459,0.401954
2460,0.441170
2461,0.441170
2462,0.421562
2463,0.401954
2464,0.421562
2465,0.460778
2466,0.421562
2467,0.362739
2468,0.401954
2469,0.441170
2470,0.421562
2471,0.421562
2472,0.421562
2473,0.382347
2474,0.362739
2475,0.343131
2476,0.382347
2477,0.421562
2478,0.382347
2479,0.362739
2480,0.382347
2481,0.421562
2482,0.421562
2483,0.382347
2484,0.343131
2485,0.382347
2486,0.421562
2487,0.362739
2488,0.362739
2489,0.382347
2490,0.421562
2491,0.382347
2492,0.362739
2493,0.401954
2494,0.421562
2495,0.382347
2496,0.421562
2497,0.421562
2498,0.382347
2499,0.362739
2500,0.303915
2501,0.323523
2502,0.382347
2503,0.303915
2504,0.343131
2505,0.382347
2506,0.401954
2507,0.382347
2508,0.362739
2509,0.284308
2510,0.303915
2511,0.323523
2512,0.323523
2513,0.343131
2514,0.343131
2515,0.362739
2516,0.343131
2517,0.284308
2518,0.323523
2519,0.323523
2520,0.303915
2521,0.323523
2522,0.323523
2523,0.343131
2524,0.323523
2525,0.284308
2526,0.303915
2527,0.343131
2528,0.303915
2529,0.323523
2530,0.343131
2531,0.343131
2532,0.323523
2533,0.284308
2534,0.303915
2535,0.343131
2536,0.343131
2537,0.323523
2538,0.343131
2539,0.362739
2540,0.382347
2541,0.323523
2542,0.303915
2543,0.362739
2544,0.362739
2545,0.323523
2546,0.362739
2547,0.382347
2548,0.441170
2549,0.480386
2550,0.382347
2551,0.401954
2552,0.441170
2553,0.460778
2554,0.421562
2555,0.401954
2556,0.499993
2557,0.519601
2558,0.441170
2559,0.401954
2560,0.499993
